{
  "config": {
    "title": "Bots With An Attitude",
    "description": "My awesome app using docz",
    "menu": [],
    "version": "0.0.1",
    "repository": null,
    "native": false,
    "themeConfig": {
      "mode": "dark"
    },
    "separator": "-",
    "typescript": true
  },
  "entries": [
    {
      "key": "src/index.mdx",
      "value": {
        "name": "Protobot",
        "route": "/",
        "id": "6576455a124f9aaefd860597f03a8fe4",
        "filepath": "src/index.mdx",
        "fullpath": "/home/yeehaa/Documents/offcourse/sites/bots-with-an-attitude/src/index.mdx",
        "link": "",
        "slug": "src-index",
        "menu": "",
        "headings": [
          {
            "slug": "bots-with-an-attitude",
            "depth": 1,
            "value": "Bots With An Attitude"
          }
        ]
      }
    }
  ],
  "props": [
    {
      "key": "src/ChatWidget.tsx",
      "value": [
        {
          "description": "",
          "displayName": "ChatWidget",
          "methods": [],
          "props": {}
        }
      ]
    }
  ]
}
