{"errors":[],"warnings":[],"namedChunkGroups":{"app":{"chunks":[5,0,3],"assets":["webpack-runtime-4d661d19e7c12a229b73.js","webpack-runtime-4d661d19e7c12a229b73.js.map","commons-d85429842078518609c5.js","commons-d85429842078518609c5.js.map","app-144283ffd490f9a857bd.js","app-144283ffd490f9a857bd.js.map"],"children":{},"childAssets":{}},"component---themes-homepage-theme-src-templates-home-page-tsx":{"chunks":[0,4],"assets":["commons-d85429842078518609c5.js","commons-d85429842078518609c5.js.map","component---themes-homepage-theme-src-templates-home-page-tsx-9015fdabc696f06c5c3b.js","component---themes-homepage-theme-src-templates-home-page-tsx-9015fdabc696f06c5c3b.js.map"],"children":{},"childAssets":{}}},"assetsByChunkName":{"app":["webpack-runtime-4d661d19e7c12a229b73.js","commons-d85429842078518609c5.js","app-144283ffd490f9a857bd.js"],"component---themes-homepage-theme-src-templates-home-page-tsx":["commons-d85429842078518609c5.js","component---themes-homepage-theme-src-templates-home-page-tsx-9015fdabc696f06c5c3b.js"]}}