{"data":{"allFile":{"edges":[{"node":{"name":"augmenting_masterpieces","publicURL":"/static/augmenting_masterpieces-6a011c70e00afa8ed28a219e7e32e6be.svg"}},{"node":{"name":"bots_with_an_attitude","publicURL":"/static/bots_with_an_attitude-a6cc2cadd02d5a57094f7ac3bf1fa9a5.svg"}},{"node":{"name":"coding_the_humanities","publicURL":"/static/coding_the_humanities-5c06b851c170ace309f63974500fa686.svg"}},{"node":{"name":"public_badges","publicURL":"/static/public_badges-e0cc47129160e8b791401c8151582852.svg"}},{"node":{"name":"offcourse","publicURL":"/static/offcourse-a2023d531e778dff5a366d7ad68a42fd.svg"}}]}}}