{
  "@context": "https://w3id.org/openbadges/v2",
  "id": "urn:uuid:e79a6c18-787e-4868-8e65-e6a4530fb418",
  "type": "Assertion",
  "recipient": {
    "type": "email",
    "identity": "sander@waag.org"
  },
  "issuedOn": "2019-10-31T23:59:59.000Z",
  "expires": "2020-10-31T23:59:59.000Z",
  "verification": {
    "type": "signedBadge",
    "creator": "https://openbadges.com/publicKey.json"
  },
  "badge": {
    "type": "BadgeClass",
    "id": "urn:uuid:88c7a930-3181-11ea-9858-b312ce22102d@zero-badge",
    "name": "Zero Badge",
    "tags": ["manifesto", "intention"],
    "description": "This badge is awarded to organization that publicly display their commitment\nto the values of the public spaces manifesto on their website\n",
    "criteria": {
      "narrative": "The Zero Badge is a way for organizations that are part of the Public Spaces\ncoalition to show their affiliation on their website. It provides visible\nevidence to the user that the organization has the intention to implement\nthe Public Spaces values in their online presence.\n"
    },
    "issuer": {
      "id": "https://publicbadges.com/registry/publicspaces",
      "type": "Profile",
      "name": "Public Spaces",
      "email": "contact@publicspaces.net"
    }
  },
  "evidence": [
    {
      "id": "urn:uuid:e79a6c18-787e-4868-8e65-e6a4530fb420",
      "name": "Public Badges Registry Listing",
      "genre": "Gherkin Scenario",
      "description": "Organization is listed in public spaces registry",
      "narrative": "Given a user visits the organizations website\nAnd the website displays the Zero Badge\nThen the organization is listed in the Public Spaces Registry\nAnd the Badge is valid\nAnd the user knows that the organization subscribes to the Public Spaces manifesto\n"
    },
    {
      "id": "urn:uuid:e79a6c18-787e-4868-8e65-e6a4530fb421",
      "name": "Badge Visibility",
      "genre": "Gherkin Scenario",
      "description": "Badge is public visible on the organization's website",
      "narrative": "Given a user wants to know if the organization subscribes to the Public Spaces Manifesto\nAnd visits the organizations homepage\nWhen the user scrolls to the footer of the page\nThen the user should see the Zero Badge\nAnd the Badge should be displayed with sufficient color contrast\nAnd the Badge should have sufficient padding around it\n"
    },
    {
      "id": "urn:uuid:e79a6c18-787e-4868-8e65-e6a4530fb420",
      "name": "Manifesto Link",
      "genre": "Gherkin Scenario",
      "description": "Organization's website",
      "narrative": "Given a user wants to know what the Public Spaces manifesto entails\nAnd visits the website of an affiliated organization\nWhen the webiste displays the Zero Badge\nAnd the user clicks on the Badge\nThen the user should be redirected to the Public Spaces manifesto\n"
    }
  ]
}
